JAMES,3.318,4840833,1
JOHN,3.271,4772262,2
ROBERT,3.143,4585515,3
MICHAEL,2.629,3835609,4
WILLIAM,2.451,3575914,5
DAVID,2.363,3447525,6
RICHARD,1.703,2484611,7
CHARLES,1.523,2221998,8
JOSEPH,1.404,2048382,9
THOMAS,1.38,2013366,10
CHRISTOPHER,1.035,1510025,11
DANIEL,0.974,1421028,12
PAUL,0.948,1383095,13
MARK,0.938,1368506,14
DONALD,0.931,1358293,15
GEORGE,0.927,1352457,16
KENNETH,0.826,1205102,17
STEVEN,0.78,1137990,18
EDWARD,0.779,1136531,19
BRIAN,0.736,1073795,20
RONALD,0.725,1057747,21
ANTHONY,0.721,1051911,22
KEVIN,0.671,978963,23
JASON,0.66,962914,24
MATTHEW,0.657,958538,25
GARY,0.65,948325,26
TIMOTHY,0.64,933735,27
JOSE,0.613,894343,28
LARRY,0.598,872459,29
JEFFREY,0.591,862246,30
FRANK,0.581,847656,31
SCOTT,0.546,796593,32
ERIC,0.544,793675,33
STEPHEN,0.54,787839,34
ANDREW,0.537,783462,35
RAYMOND,0.488,711973,36
GREGORY,0.441,643402,37
JOSHUA,0.435,634648,38
JERRY,0.432,630271,39
DENNIS,0.415,605469,40
WALTER,0.399,582126,41
PATRICK,0.389,567536,42
PETER,0.381,555864,43
HAROLD,0.371,541275,44
DOUGLAS,0.367,535439,45
HENRY,0.365,532521,46
CARL,0.346,504801,47
ARTHUR,0.335,488752,48
RYAN,0.328,478539,49
ROGER,0.322,469786,50
JOE,0.321,468327,51
JUAN,0.316,461032,52
JACK,0.315,459573,53
ALBERT,0.314,458114,54
JONATHAN,0.313,456655,55
JUSTIN,0.311,453737,56
TERRY,0.311,453737,57
GERALD,0.309,450819,58
KEITH,0.308,449360,59
SAMUEL,0.306,446442,60
WILLIE,0.302,440606,61
LAWRENCE,0.282,411427,63
RALPH,0.282,411427,62
NICHOLAS,0.275,401214,64
ROY,0.273,398296,65
BENJAMIN,0.27,393920,66
BRUCE,0.263,383707,67
BRANDON,0.26,379330,68
ADAM,0.259,377871,69
FRED,0.251,366199,71
HARRY,0.251,366199,70
WAYNE,0.249,363281,72
BILLY,0.248,361822,73
STEVE,0.246,358904,74
LOUIS,0.243,354528,75
JEREMY,0.242,353069,76
AARON,0.24,350151,77
RANDY,0.232,338479,78
EUGENE,0.23,335561,80
HOWARD,0.23,335561,79
CARLOS,0.229,334102,81
RUSSELL,0.224,326807,82
BOBBY,0.223,325348,83
VICTOR,0.222,323889,84
MARTIN,0.216,315136,85
ERNEST,0.215,313677,86
PHILLIP,0.213,310759,87
TODD,0.213,310759,88
JESSE,0.209,304923,89
CRAIG,0.206,300546,90
ALAN,0.204,297628,91
SHAWN,0.2,291792,92
CHRIS,0.197,287415,96
CLARENCE,0.197,287415,93
PHILIP,0.197,287415,95
SEAN,0.197,287415,94
JOHNNY,0.195,284497,97
EARL,0.193,281580,98
JIMMY,0.191,278662,99
ANTONIO,0.19,277203,100
BRYAN,0.19,277203,102
DANNY,0.19,277203,101
TONY,0.19,277203,103
LUIS,0.189,275744,104
MIKE,0.189,275744,105
LEONARD,0.186,271367,107
STANLEY,0.186,271367,106
NATHAN,0.185,269908,108
DALE,0.184,268449,109
MANUEL,0.181,264072,110
CURTIS,0.18,262613,112
RODNEY,0.18,262613,111
NORMAN,0.177,258236,113
ALLEN,0.174,253859,114
MARVIN,0.171,249482,115
VINCENT,0.168,245105,116
GLENN,0.167,243647,117
JEFF,0.166,242188,120
JEFFERY,0.166,242188,118
TRAVIS,0.166,242188,119
CHAD,0.165,240729,121
JACOB,0.165,240729,122
ALFRED,0.162,236352,125
LEE,0.162,236352,123
MELVIN,0.162,236352,124
FRANCIS,0.16,233434,127
KYLE,0.16,233434,126
BRADLEY,0.159,231975,128
HERBERT,0.155,226139,130
JESUS,0.155,226139,129
FREDERICK,0.154,224680,131
RAY,0.153,223221,132
JOEL,0.152,221762,133
EDWIN,0.148,215926,134
DON,0.145,211549,135
EDDIE,0.144,210090,136
RICKY,0.141,205714,137
RANDALL,0.138,201337,139
TROY,0.138,201337,138
BARRY,0.134,195501,140
ALEXANDER,0.132,192583,141
BERNARD,0.127,185288,142
LEROY,0.125,182370,144
MARIO,0.125,182370,143
FRANCISCO,0.124,180911,145
MARCUS,0.124,180911,146
CLIFFORD,0.123,179452,149
MICHEAL,0.123,179452,147
THEODORE,0.123,179452,148
MIGUEL,0.122,177993,150
OSCAR,0.122,177993,151
JAY,0.118,172157,152
JIM,0.118,172157,153
TOM,0.117,170698,154
ALEX,0.115,167781,156
CALVIN,0.115,167781,155
JON,0.115,167781,157
RONNIE,0.113,164863,158
BILL,0.112,163404,159
DEREK,0.112,163404,163
LEON,0.112,163404,162
LLOYD,0.112,163404,160
TOMMY,0.112,163404,161
WARREN,0.11,160486,164
DARRELL,0.108,157568,165
JEROME,0.108,157568,166
FLOYD,0.107,156109,167
LEO,0.106,154650,168
ALVIN,0.105,153191,169
DEAN,0.104,151732,173
GORDON,0.104,151732,172
GREG,0.104,151732,174
JORGE,0.104,151732,175
TIM,0.104,151732,170
WESLEY,0.104,151732,171
DERRICK,0.103,150273,178
DUSTIN,0.103,150273,176
PEDRO,0.103,150273,177
DAN,0.101,147355,179
LEWIS,0.099,144437,180
ZACHARY,0.099,144437,181
COREY,0.098,142978,182
HERMAN,0.097,141519,183
MAURICE,0.097,141519,184
ROBERTO,0.097,141519,186
VERNON,0.097,141519,185
CLYDE,0.095,138601,187
GLEN,0.094,137142,188
HECTOR,0.094,137142,189
RICARDO,0.093,135683,191
SHANE,0.093,135683,190
SAM,0.092,134224,192
LESTER,0.091,132765,194
RICK,0.091,132765,193
BRENT,0.09,131307,195
CHARLIE,0.09,131307,197
RAMON,0.09,131307,196
GILBERT,0.089,129848,199
TYLER,0.089,129848,198
GENE,0.087,126930,200
MARC,0.087,126930,201
REGINALD,0.084,122553,202
ANGEL,0.082,119635,205
BRETT,0.082,119635,204
RUBEN,0.082,119635,203
LESLIE,0.081,118176,208
NATHANIEL,0.081,118176,206
RAFAEL,0.081,118176,207
EDGAR,0.08,116717,209
MILTON,0.08,116717,210
RAUL,0.079,115258,211
BEN,0.078,113799,212
CECIL,0.078,113799,214
CHESTER,0.078,113799,213
DUANE,0.077,112340,215
FRANKLIN,0.077,112340,216
ANDRE,0.076,110881,217
ELMER,0.074,107963,218
BRAD,0.073,106504,219
GABRIEL,0.073,106504,220
ARNOLD,0.072,105045,224
HARVEY,0.072,105045,225
MITCHELL,0.072,105045,222
ROLAND,0.072,105045,223
RON,0.072,105045,221
JARED,0.071,103586,226
ADRIAN,0.069,100668,227
KARL,0.069,100668,228
CLAUDE,0.068,99209,230
CORY,0.068,99209,229
ERIK,0.068,99209,231
DARRYL,0.067,97750,232
JAMIE,0.066,96291,233
NEIL,0.066,96291,234
CHRISTIAN,0.065,94832,236
CLINTON,0.065,94832,239
FERNANDO,0.065,94832,238
JAVIER,0.065,94832,237
JESSIE,0.065,94832,235
DARREN,0.064,93374,243
LONNIE,0.064,93374,244
MATHEW,0.064,93374,241
TED,0.064,93374,240
TYRONE,0.064,93374,242
CODY,0.063,91915,246
JULIO,0.063,91915,247
KELLY,0.063,91915,248
LANCE,0.063,91915,245
KURT,0.062,90456,249
ALLAN,0.061,88997,250
NELSON,0.061,88997,251
CLAYTON,0.06,87538,253
GUY,0.06,87538,252
HUGH,0.06,87538,254
DWAYNE,0.059,86079,256
MAX,0.059,86079,255
ARMANDO,0.058,84620,258
DWIGHT,0.058,84620,257
FELIX,0.058,84620,259
JIMMIE,0.058,84620,260
EVERETT,0.057,83161,261
IAN,0.056,81702,263
JORDAN,0.056,81702,262
WALLACE,0.056,81702,264
BOB,0.055,80243,266
JAIME,0.055,80243,267
KEN,0.055,80243,265
ALFREDO,0.054,78784,269
CASEY,0.054,78784,268
ALBERTO,0.053,77325,270
DAVE,0.053,77325,271
IVAN,0.053,77325,272
BYRON,0.052,75866,275
JOHNNIE,0.052,75866,273
JULIAN,0.052,75866,276
SIDNEY,0.052,75866,274
ISAAC,0.051,74407,277
MORRIS,0.051,74407,278
CLIFTON,0.05,72948,279
DARYL,0.05,72948,281
ROSS,0.05,72948,282
WILLARD,0.05,72948,280
ANDY,0.049,71489,284
KIRK,0.049,71489,288
MARSHALL,0.049,71489,285
PERRY,0.049,71489,287
SALVADOR,0.049,71489,286
SERGIO,0.049,71489,289
VIRGIL,0.049,71489,283
KENT,0.048,70030,293
MARION,0.048,70030,290
RENE,0.048,70030,295
SETH,0.048,70030,292
TERRANCE,0.048,70030,294
TRACY,0.048,70030,291
EDUARDO,0.047,68571,296
TERRENCE,0.047,68571,297
ENRIQUE,0.046,67112,298
FREDDIE,0.046,67112,299
WADE,0.045,65653,300
AUSTIN,0.044,64194,301
STUART,0.044,64194,302
ALEJANDRO,0.043,62735,305
ARTURO,0.043,62735,304
FREDRICK,0.043,62735,303
JACKIE,0.043,62735,306
JOEY,0.043,62735,307
LUTHER,0.043,62735,309
NICK,0.043,62735,308
DANA,0.042,61276,314
EVAN,0.042,61276,312
JEREMIAH,0.042,61276,311
JULIUS,0.042,61276,313
WENDELL,0.042,61276,310
DONNIE,0.041,59817,315
OTIS,0.041,59817,316
DOUG,0.04,58358,323
GERARD,0.04,58358,322
HOMER,0.04,58358,321
LUKE,0.04,58358,320
OLIVER,0.04,58358,319
SHANNON,0.04,58358,317
TREVOR,0.04,58358,318
ANGELO,0.039,56899,326
HUBERT,0.039,56899,325
KENNY,0.039,56899,324
SHAUN,0.039,56899,327
ALFONSO,0.038,55441,331
LYLE,0.038,55441,328
LYNN,0.038,55441,330
MATT,0.038,55441,329
CAMERON,0.037,53982,336
CARLTON,0.037,53982,334
ERNESTO,0.037,53982,335
NEAL,0.037,53982,337
ORLANDO,0.037,53982,332
REX,0.037,53982,333
BLAKE,0.036,52523,342
GRANT,0.036,52523,343
HORACE,0.036,52523,344
KERRY,0.036,52523,346
LORENZO,0.036,52523,339
OMAR,0.036,52523,340
PABLO,0.036,52523,338
RODERICK,0.036,52523,345
WILBUR,0.036,52523,341
ABRAHAM,0.035,51064,347
IRA,0.035,51064,351
JEAN,0.035,51064,350
RICKEY,0.035,51064,349
WILLIS,0.035,51064,348
ANDRES,0.034,49605,352
CESAR,0.034,49605,353
DAMON,0.034,49605,357
JOHNATHAN,0.034,49605,354
KELVIN,0.034,49605,358
MALCOLM,0.034,49605,355
PRESTON,0.034,49605,360
RUDOLPH,0.034,49605,356
RUDY,0.034,49605,359
ALTON,0.033,48146,361
ARCHIE,0.033,48146,362
MARCO,0.033,48146,363
WM,0.033,48146,364
BENNIE,0.032,46687,371
DOMINIC,0.032,46687,374
ED,0.032,46687,373
FELIPE,0.032,46687,370
GARRY,0.032,46687,367
GEOFFREY,0.032,46687,368
GERARDO,0.032,46687,372
JONATHON,0.032,46687,369
LOREN,0.032,46687,376
PETE,0.032,46687,365
RANDOLPH,0.032,46687,366
ROBIN,0.032,46687,375
COLIN,0.031,45228,378
DELBERT,0.031,45228,377
EARNEST,0.031,45228,380
GUILLERMO,0.031,45228,379
LUCAS,0.031,45228,381
BENNY,0.03,43769,382
EDMUND,0.03,43769,387
MYRON,0.03,43769,386
NOEL,0.03,43769,383
RODOLFO,0.03,43769,385
SPENCER,0.03,43769,384
CEDRIC,0.029,42310,390
GARRETT,0.029,42310,388
GREGG,0.029,42310,392
LOWELL,0.029,42310,391
SALVATORE,0.029,42310,389
DEVIN,0.028,40851,395
ISRAEL,0.028,40851,399
JERMAINE,0.028,40851,400
KIM,0.028,40851,397
ROOSEVELT,0.028,40851,398
SHERMAN,0.028,40851,393
SYLVESTER,0.028,40851,396
WILSON,0.028,40851,394
FORREST,0.027,39392,401
LELAND,0.027,39392,403
WILBERT,0.027,39392,402
BRYANT,0.026,37933,409
CARROLL,0.026,37933,408
CLARK,0.026,37933,406
GUADALUPE,0.026,37933,405
IRVING,0.026,37933,407
OWEN,0.026,37933,410
SIMON,0.026,37933,404
GUSTAVO,0.025,36474,418
JAKE,0.025,36474,419
KRISTOPHER,0.025,36474,414
LEVI,0.025,36474,416
MACK,0.025,36474,415
MARCOS,0.025,36474,417
RUFUS,0.025,36474,411
SAMMY,0.025,36474,413
WOODROW,0.025,36474,412
CLINT,0.024,35015,426
DALLAS,0.024,35015,424
DREW,0.024,35015,431
ELLIS,0.024,35015,423
GILBERTO,0.024,35015,425
ISMAEL,0.024,35015,429
JODY,0.024,35015,432
LAURENCE,0.024,35015,428
LIONEL,0.024,35015,420
MARTY,0.024,35015,421
NICOLAS,0.024,35015,427
ORVILLE,0.024,35015,430
TAYLOR,0.024,35015,422
AL,0.023,33556,435
CALEB,0.023,33556,440
DEWEY,0.023,33556,434
ERICK,0.023,33556,443
ERVIN,0.023,33556,433
FRANKIE,0.023,33556,444
HUGO,0.023,33556,438
IGNACIO,0.023,33556,439
JOSH,0.023,33556,437
SHELDON,0.023,33556,442
TOMAS,0.023,33556,441
WILFRED,0.023,33556,436
ALONZO,0.022,32097,451
BERT,0.022,32097,453
CONRAD,0.022,32097,456
DARREL,0.022,32097,447
DOYLE,0.022,32097,446
ELBERT,0.022,32097,454
ELIAS,0.022,32097,452
NOAH,0.022,32097,458
PAT,0.022,32097,457
RAMIRO,0.022,32097,455
ROGELIO,0.022,32097,448
SANTIAGO,0.022,32097,450
STEWART,0.022,32097,445
TERENCE,0.022,32097,449
BRADFORD,0.021,30638,467
CLAY,0.021,30638,464
CORNELIUS,0.021,30638,461
DEXTER,0.021,30638,466
GRADY,0.021,30638,459
LAMAR,0.021,30638,462
MERLE,0.021,30638,468
PERCY,0.021,30638,465
PHIL,0.021,30638,460
ROLANDO,0.021,30638,463
AMOS,0.02,29179,470
DARIN,0.02,29179,469
DARNELL,0.02,29179,476
IRVIN,0.02,29179,473
MOSES,0.02,29179,472
RANDAL,0.02,29179,477
ROMAN,0.02,29179,475
SAUL,0.02,29179,474
TERRELL,0.02,29179,471
TOMMIE,0.02,29179,478
ABEL,0.019,27720,485
AUBREY,0.019,27720,495
BOYD,0.019,27720,487
BRENDAN,0.019,27720,482
CARY,0.019,27720,492
COURTNEY,0.019,27720,488
DARRIN,0.019,27720,480
DOMINGO,0.019,27720,493
DOMINICK,0.019,27720,486
EDMOND,0.019,27720,500
ELIJAH,0.019,27720,491
EMANUEL,0.019,27720,498
EMIL,0.019,27720,501
EMILIO,0.019,27720,490
EMMETT,0.019,27720,496
JAN,0.019,27720,489
JERALD,0.019,27720,499
MARLON,0.019,27720,497
SANTOS,0.019,27720,494
TIMMY,0.019,27720,479
TOBY,0.019,27720,483
VAN,0.019,27720,484
WINSTON,0.019,27720,481
BRET,0.018,26261,507
DEWAYNE,0.018,26261,502
EMMANUEL,0.018,26261,512
HUMBERTO,0.018,26261,511
JESS,0.018,26261,509
LOUIE,0.018,26261,514
MORGAN,0.018,26261,508
OTTO,0.018,26261,504
REYNALDO,0.018,26261,506
STEPHAN,0.018,26261,513
TEDDY,0.018,26261,505
TRENT,0.018,26261,510
WILL,0.018,26261,503
BILLIE,0.017,24802,522
DEMETRIUS,0.017,24802,527
EFRAIN,0.017,24802,521
ELDON,0.017,24802,529
ETHAN,0.017,24802,528
GARLAND,0.017,24802,518
HARLEY,0.017,24802,526
HEATH,0.017,24802,524
LAMONT,0.017,24802,516
LOGAN,0.017,24802,523
MICAH,0.017,24802,520
MILES,0.017,24802,519
RODGER,0.017,24802,525
STACY,0.017,24802,517
VICENTE,0.017,24802,515
ANTOINE,0.016,23343,536
BRYCE,0.016,23343,535
CHASE,0.016,23343,542
CHUCK,0.016,23343,547
CLEVELAND,0.016,23343,545
DAMIAN,0.016,23343,548
DYLAN,0.016,23343,546
ELI,0.016,23343,534
ELTON,0.016,23343,544
FREDDY,0.016,23343,533
GROVER,0.016,23343,543
JUNIOR,0.016,23343,532
KENDALL,0.016,23343,538
MICKEY,0.016,23343,541
PIERRE,0.016,23343,531
ROBBIE,0.016,23343,537
ROCKY,0.016,23343,530
ROYCE,0.016,23343,539
STERLING,0.016,23343,540
AGUSTIN,0.015,21884,563
AUGUST,0.015,21884,551
BENITO,0.015,21884,556
BLAINE,0.015,21884,559
CURT,0.015,21884,561
ERNIE,0.015,21884,560
ERWIN,0.015,21884,555
HANS,0.015,21884,557
JASPER,0.015,21884,553
LEONARDO,0.015,21884,552
MONTE,0.015,21884,558
MURRAY,0.015,21884,564
QUENTIN,0.015,21884,562
REUBEN,0.015,21884,549
RUSSEL,0.015,21884,554
STAN,0.015,21884,550
ADOLFO,0.014,20425,567
ASHLEY,0.014,20425,584
BART,0.014,20425,574
BRADY,0.014,20425,571
BUDDY,0.014,20425,586
BURTON,0.014,20425,570
DAMIEN,0.014,20425,578
DARWIN,0.014,20425,583
DENIS,0.014,20425,577
DESMOND,0.014,20425,581
DEVON,0.014,20425,566
ELLIOT,0.014,20425,582
ELLIOTT,0.014,20425,572
GREGORIO,0.014,20425,585
HARLAN,0.014,20425,580
HARRISON,0.014,20425,568
JAMAL,0.014,20425,565
JARROD,0.014,20425,575
JOAQUIN,0.014,20425,579
TYSON,0.014,20425,569
VANCE,0.014,20425,576
WILFREDO,0.014,20425,573
ANTON,0.013,18966,591
BRAIN,0.013,18966,602
CAREY,0.013,18966,598
DARIUS,0.013,18966,606
ELVIN,0.013,18966,595
ELWOOD,0.013,18966,604
ESTEBAN,0.013,18966,590
HAL,0.013,18966,601
KENDRICK,0.013,18966,605
KERMIT,0.013,18966,588
MOISES,0.013,18966,607
NOLAN,0.013,18966,597
NORBERT,0.013,18966,594
QUINTON,0.013,18966,600
ROB,0.013,18966,603
ROD,0.013,18966,599
ROSCOE,0.013,18966,589
SCOTTY,0.013,18966,593
SOLOMON,0.013,18966,592
WILLIAMS,0.013,18966,596
XAVIER,0.013,18966,587
ALI,0.012,17508,614
ALVARO,0.012,17508,619
ARMAND,0.012,17508,618
BRYON,0.012,17508,617
CLIFF,0.012,17508,612
DANE,0.012,17508,621
FABIAN,0.012,17508,630
FIDEL,0.012,17508,610
GRAHAM,0.012,17508,633
JACKSON,0.012,17508,615
JEFFRY,0.012,17508,620
JOESPH,0.012,17508,622
MARCEL,0.012,17508,613
MARLIN,0.012,17508,609
MASON,0.012,17508,632
MICHEL,0.012,17508,627
MONTY,0.012,17508,628
NED,0.012,17508,624
RAPHAEL,0.012,17508,616
REGGIE,0.012,17508,631
RORY,0.012,17508,629
RUSTY,0.012,17508,626
SAMMIE,0.012,17508,625
SON,0.012,17508,608
THADDEUS,0.012,17508,611
THURMAN,0.012,17508,623
ADOLPH,0.011,16049,642
ALEXIS,0.011,16049,641
ALPHONSO,0.011,16049,654
AVERY,0.011,16049,638
CARMEN,0.011,16049,651
DERICK,0.011,16049,647
DIEGO,0.011,16049,640
GERRY,0.011,16049,649
GONZALO,0.011,16049,646
GUS,0.011,16049,637
ISAIAH,0.011,16049,635
KRIS,0.011,16049,634
LOYD,0.011,16049,639
MILLARD,0.011,16049,644
NOE,0.011,16049,658
NORRIS,0.011,16049,643
RICKIE,0.011,16049,657
RIGOBERTO,0.011,16049,653
ROCCO,0.011,16049,645
RODRIGO,0.011,16049,648
SHELBY,0.011,16049,656
STACEY,0.011,16049,650
TY,0.011,16049,655
VAUGHN,0.011,16049,636
WILEY,0.011,16049,652
BASIL,0.01,14590,668
BERNARDO,0.01,14590,664
BOBBIE,0.01,14590,660
BRUNO,0.01,14590,697
CLEMENT,0.01,14590,692
COLE,0.01,14590,682
COY,0.01,14590,693
DANTE,0.01,14590,691
DAVIS,0.01,14590,684
DENNY,0.01,14590,683
DION,0.01,14590,690
DONNELL,0.01,14590,681
DONOVAN,0.01,14590,667
EDDY,0.01,14590,676
ELVIS,0.01,14590,663
EMERY,0.01,14590,686
FEDERICO,0.01,14590,678
GAVIN,0.01,14590,685
HERIBERTO,0.01,14590,680
HIRAM,0.01,14590,666
ISSAC,0.01,14590,698
JARVIS,0.01,14590,696
JAYSON,0.01,14590,689
JEFFERSON,0.01,14590,662
MAURICIO,0.01,14590,665
MAXWELL,0.01,14590,695
MAYNARD,0.01,14590,672
NICKOLAS,0.01,14590,671
ODELL,0.01,14590,694
OLLIE,0.01,14590,670
QUINCY,0.01,14590,675
REED,0.01,14590,661
RILEY,0.01,14590,669
ROMEO,0.01,14590,688
SCOT,0.01,14590,673
SEBASTIAN,0.01,14590,677
ULYSSES,0.01,14590,679
VERN,0.01,14590,659
VINCE,0.01,14590,674
WARD,0.01,14590,687
ART,0.009,13131,710
AURELIO,0.009,13131,736
BARNEY,0.009,13131,705
BEAU,0.009,13131,712
BROCK,0.009,13131,701
CARLO,0.009,13131,732
CARMELO,0.009,13131,704
CARTER,0.009,13131,741
CHARLEY,0.009,13131,727
CLEO,0.009,13131,731
COLBY,0.009,13131,703
COLLIN,0.009,13131,739
CRUZ,0.009,13131,724
DELMAR,0.009,13131,717
DENVER,0.009,13131,740
DICK,0.009,13131,721
DONNY,0.009,13131,709
DUDLEY,0.009,13131,700
FREDERIC,0.009,13131,720
GALEN,0.009,13131,714
HARRIS,0.009,13131,730
HOLLIS,0.009,13131,707
HUNTER,0.009,13131,735
IRWIN,0.009,13131,723
ISIDRO,0.009,13131,715
JOHNATHON,0.009,13131,718
KIRBY,0.009,13131,722
KURTIS,0.009,13131,734
LANE,0.009,13131,729
LINWOOD,0.009,13131,711
MARCELINO,0.009,13131,728
MARY,0.009,13131,699
MERLIN,0.009,13131,725
MERRILL,0.009,13131,726
NESTOR,0.009,13131,706
SANFORD,0.009,13131,702
SILAS,0.009,13131,719
STEFAN,0.009,13131,708
TRENTON,0.009,13131,733
TRUMAN,0.009,13131,716
VITO,0.009,13131,738
WELDON,0.009,13131,713
WINFRED,0.009,13131,737
ADAN,0.008,11672,752
ANTONY,0.008,11672,791
ARRON,0.008,11672,790
BENNETT,0.008,11672,785
BERNIE,0.008,11672,757
BLAIR,0.008,11672,748
BOOKER,0.008,11672,770
BRANDEN,0.008,11672,751
BUFORD,0.008,11672,755
CARSON,0.008,11672,774
CLAIR,0.008,11672,754
CORNELL,0.008,11672,787
DALTON,0.008,11672,765
DANIAL,0.008,11672,747
DAREN,0.008,11672,777
DIRK,0.008,11672,750
DOMINIQUE,0.008,11672,768
EDWARDO,0.008,11672,769
EMERSON,0.008,11672,760
EMORY,0.008,11672,743
ERROL,0.008,11672,764
FLETCHER,0.008,11672,762
GALE,0.008,11672,784
GENARO,0.008,11672,783
GERMAN,0.008,11672,756
HOUSTON,0.008,11672,779
HUNG,0.008,11672,789
JACQUES,0.008,11672,763
JAME,0.008,11672,782
JOAN,0.008,11672,759
JOSUE,0.008,11672,767
LANDON,0.008,11672,749
LAVERNE,0.008,11672,788
LEONEL,0.008,11672,742
LINCOLN,0.008,11672,781
MARIANO,0.008,11672,746
MOHAMMAD,0.008,11672,745
MONROE,0.008,11672,766
NUMBERS,0.008,11672,753
OCTAVIO,0.008,11672,786
PASQUALE,0.008,11672,744
RAYMUNDO,0.008,11672,776
ROBBY,0.008,11672,780
SHELTON,0.008,11672,773
SONNY,0.008,11672,772
THERON,0.008,11672,775
TRISTAN,0.008,11672,778
WILFORD,0.008,11672,771
WILMER,0.008,11672,758
ZACHERY,0.008,11672,761
ABDUL,0.007,10213,831
ALDO,0.007,10213,849
ALPHONSE,0.007,10213,824
ALVA,0.007,10213,793
ANDERSON,0.007,10213,814
ARIEL,0.007,10213,830
ARNULFO,0.007,10213,843
AUGUSTINE,0.007,10213,806
BROOKS,0.007,10213,829
CARMINE,0.007,10213,805
CHADWICK,0.007,10213,809
CHANCE,0.007,10213,842
CYRIL,0.007,10213,797
CYRUS,0.007,10213,796
DUNCAN,0.007,10213,803
DUSTY,0.007,10213,832
ERICH,0.007,10213,808
ERIN,0.007,10213,802
EUGENIO,0.007,10213,838
EZRA,0.007,10213,847
FERDINAND,0.007,10213,845
FOREST,0.007,10213,817
FREEMAN,0.007,10213,801
GARTH,0.007,10213,795
GIOVANNI,0.007,10213,794
HERSCHEL,0.007,10213,792
JAMEL,0.007,10213,822
JARRETT,0.007,10213,828
JOHNIE,0.007,10213,827
JONAS,0.007,10213,816
KENNITH,0.007,10213,804
LAZARO,0.007,10213,823
LINDSEY,0.007,10213,834
LON,0.007,10213,800
LUCIANO,0.007,10213,833
LUCIEN,0.007,10213,844
MAJOR,0.007,10213,826
MERVIN,0.007,10213,819
MITCHEL,0.007,10213,818
MOHAMMED,0.007,10213,839
MORTON,0.007,10213,815
MYLES,0.007,10213,813
RANDELL,0.007,10213,825
REID,0.007,10213,812
RICH,0.007,10213,821
RONNY,0.007,10213,798
RUSS,0.007,10213,811
SANDY,0.007,10213,840
SCOTTIE,0.007,10213,837
SEYMOUR,0.007,10213,836
STEVIE,0.007,10213,799
SYDNEY,0.007,10213,848
THAD,0.007,10213,846
TRACEY,0.007,10213,835
VALENTIN,0.007,10213,841
WILBURN,0.007,10213,810
YOUNG,0.007,10213,807
ZANE,0.007,10213,820
ABE,0.006,8754,854
AHMAD,0.006,8754,885
ALDEN,0.006,8754,889
ALEC,0.006,8754,930
ALFONZO,0.006,8754,911
ANDREA,0.006,8754,900
ANTWAN,0.006,8754,888
ARON,0.006,8754,864
BARTON,0.006,8754,877
BERRY,0.006,8754,929
BORIS,0.006,8754,860
BRANT,0.006,8754,914
BRENTON,0.006,8754,920
BURT,0.006,8754,881
CAROL,0.006,8754,919
CHRISTOPER,0.006,8754,910
CLAUDIO,0.006,8754,925
COLEMAN,0.006,8754,891
DEANDRE,0.006,8754,896
DEON,0.006,8754,909
DEWITT,0.006,8754,918
DINO,0.006,8754,893
DONN,0.006,8754,933
DORIAN,0.006,8754,870
EARLE,0.006,8754,853
EDGARDO,0.006,8754,928
EFREN,0.006,8754,887
ELISEO,0.006,8754,884
ELMO,0.006,8754,863
ELOY,0.006,8754,869
EMILE,0.006,8754,862
EVERETTE,0.006,8754,866
FAUSTINO,0.006,8754,924
FOSTER,0.006,8754,923
FRITZ,0.006,8754,905
GAIL,0.006,8754,868
GIL,0.006,8754,883
GINO,0.006,8754,927
HERSHEL,0.006,8754,876
ISIAH,0.006,8754,861
IVORY,0.006,8754,899
JAMAAL,0.006,8754,917
JAMAR,0.006,8754,859
JARRED,0.006,8754,932
JEROLD,0.006,8754,904
JERROD,0.006,8754,874
JOSEF,0.006,8754,867
JOSIAH,0.006,8754,913
JUDSON,0.006,8754,926
JULES,0.006,8754,882
KAREEM,0.006,8754,858
KIETH,0.006,8754,898
LANNY,0.006,8754,857
LAVERN,0.006,8754,880
LEMUEL,0.006,8754,879
LEOPOLDO,0.006,8754,865
LES,0.006,8754,895
LUCIO,0.006,8754,873
LYMAN,0.006,8754,912
MARGARITO,0.006,8754,890
MARQUIS,0.006,8754,856
MILFORD,0.006,8754,907
MITCH,0.006,8754,852
NAPOLEON,0.006,8754,903
NIGEL,0.006,8754,886
NORBERTO,0.006,8754,902
NORMAND,0.006,8754,897
OLIN,0.006,8754,922
OSVALDO,0.006,8754,894
PARKER,0.006,8754,878
REFUGIO,0.006,8754,892
REINALDO,0.006,8754,872
RICO,0.006,8754,916
RODRICK,0.006,8754,871
ROSENDO,0.006,8754,906
ROYAL,0.006,8754,851
RUBIN,0.006,8754,850
SANG,0.006,8754,908
TANNER,0.006,8754,931
TREY,0.006,8754,901
WESTON,0.006,8754,875
WILTON,0.006,8754,915
WYATT,0.006,8754,855
YONG,0.006,8754,921
ABRAM,0.005,7295,1053
ADALBERTO,0.005,7295,1040
AHMED,0.005,7295,1000
AMADO,0.005,7295,965
ANIBAL,0.005,7295,959
ANTONE,0.005,7295,990
AUGUSTUS,0.005,7295,948
BARRETT,0.005,7295,1044
BERTRAM,0.005,7295,1028
BO,0.005,7295,1043
BRADLY,0.005,7295,993
BRENDON,0.005,7295,1008
BRICE,0.005,7295,973
BUD,0.005,7295,951
BURL,0.005,7295,996
CHANG,0.005,7295,943
CHAUNCEY,0.005,7295,942
CHET,0.005,7295,1027
CHI,0.005,7295,989
CHUNG,0.005,7295,1039
CLETUS,0.005,7295,1018
COLUMBUS,0.005,7295,1026
CONNIE,0.005,7295,967
DAMION,0.005,7295,988
DANNIE,0.005,7295,956
DARIO,0.005,7295,976
DARRICK,0.005,7295,1012
DEE,0.005,7295,978
DELMER,0.005,7295,975
DEMARCUS,0.005,7295,1017
DILLON,0.005,7295,964
DONTE,0.005,7295,1033
DWAIN,0.005,7295,1032
ENOCH,0.005,7295,1007
FERMIN,0.005,7295,1038
FLORENCIO,0.005,7295,1011
FRANCES,0.005,7295,962
FREDRIC,0.005,7295,992
GARFIELD,0.005,7295,1049
GERALDO,0.005,7295,1024
GIUSEPPE,0.005,7295,1016
HANK,0.005,7295,983
HASSAN,0.005,7295,1015
HILARIO,0.005,7295,950
HILTON,0.005,7295,1031
HIPOLITO,0.005,7295,1037
HORACIO,0.005,7295,972
HUEY,0.005,7295,1030
ISAIAS,0.005,7295,1036
JAMEY,0.005,7295,1042
JAMISON,0.005,7295,1010
JED,0.005,7295,961
JEFFEREY,0.005,7295,999
JERROLD,0.005,7295,981
JONAH,0.005,7295,980
KEENAN,0.005,7295,1021
KENTON,0.005,7295,987
KEVEN,0.005,7295,949
KIP,0.005,7295,995
KORY,0.005,7295,947
LAWERENCE,0.005,7295,1052
LENARD,0.005,7295,941
LENNY,0.005,7295,968
LOU,0.005,7295,1025
LUPE,0.005,7295,971
LYNDON,0.005,7295,1020
MAC,0.005,7295,979
MARCELO,0.005,7295,946
MARIA,0.005,7295,940
MARKUS,0.005,7295,1029
MAURO,0.005,7295,955
MAXIMO,0.005,7295,1048
MCKINLEY,0.005,7295,1047
MEL,0.005,7295,945
MIKEL,0.005,7295,1006
MILO,0.005,7295,960
MINH,0.005,7295,1014
MOHAMED,0.005,7295,974
MOSHE,0.005,7295,1005
NEWTON,0.005,7295,966
NOBLE,0.005,7295,1004
ODIS,0.005,7295,939
OLEN,0.005,7295,958
OMER,0.005,7295,1035
OREN,0.005,7295,1003
ORVAL,0.005,7295,954
PORFIRIO,0.005,7295,938
PRINCE,0.005,7295,937
QUINN,0.005,7295,994
QUINTIN,0.005,7295,1009
RALEIGH,0.005,7295,1051
REYES,0.005,7295,977
RICHIE,0.005,7295,970
ROBT,0.005,7295,982
ROLLAND,0.005,7295,986
ROSARIO,0.005,7295,953
RUPERT,0.005,7295,985
SAL,0.005,7295,952
SHIRLEY,0.005,7295,936
SOL,0.005,7295,1050
STANFORD,0.005,7295,1002
SUNG,0.005,7295,984
TAD,0.005,7295,935
TEODORO,0.005,7295,1046
THANH,0.005,7295,963
THEO,0.005,7295,1023
TOBIAS,0.005,7295,1013
TOD,0.005,7295,944
TORY,0.005,7295,969
TRINIDAD,0.005,7295,934
TYREE,0.005,7295,998
TYRELL,0.005,7295,1019
TYRON,0.005,7295,1034
VALENTINE,0.005,7295,1041
WALDO,0.005,7295,991
WALKER,0.005,7295,997
WERNER,0.005,7295,1022
WHITNEY,0.005,7295,1045
WILLY,0.005,7295,1001
ZACHARIAH,0.005,7295,957
ALONSO,0.004,5836,1219
AMBROSE,0.004,5836,1096
ANDREAS,0.004,5836,1110
ANTIONE,0.004,5836,1155
ANTONIA,0.004,5836,1069
ARDEN,0.004,5836,1080
ARLEN,0.004,5836,1134
ARLIE,0.004,5836,1189
ARNOLDO,0.004,5836,1181
ASA,0.004,5836,1133
BENEDICT,0.004,5836,1124
BENTON,0.004,5836,1175
BOYCE,0.004,5836,1174
BRITT,0.004,5836,1123
BRODERICK,0.004,5836,1218
BUCK,0.004,5836,1205
BUSTER,0.004,5836,1068
CARROL,0.004,5836,1085
CEDRICK,0.004,5836,1188
CHAS,0.004,5836,1076
CHONG,0.004,5836,1058
CLAUD,0.004,5836,1090
CLEMENTE,0.004,5836,1079
COLTON,0.004,5836,1160
CORDELL,0.004,5836,1116
CORTEZ,0.004,5836,1154
CRISTOBAL,0.004,5836,1095
CRISTOPHER,0.004,5836,1153
DANILO,0.004,5836,1089
DARELL,0.004,5836,1217
DARON,0.004,5836,1057
DARRON,0.004,5836,1067
DEANGELO,0.004,5836,1144
DEL,0.004,5836,1122
DESHAWN,0.004,5836,1084
DOMENIC,0.004,5836,1066
DONG,0.004,5836,1065
DORSEY,0.004,5836,1216
DOUGLASS,0.004,5836,1115
EDISON,0.004,5836,1083
EDMUNDO,0.004,5836,1198
ELDEN,0.004,5836,1215
ELDRIDGE,0.004,5836,1152
ELISHA,0.004,5836,1204
ELLSWORTH,0.004,5836,1118
ELROY,0.004,5836,1078
EMMITT,0.004,5836,1056
ERASMO,0.004,5836,1101
EUSEBIO,0.004,5836,1064
EZEKIEL,0.004,5836,1075
EZEQUIEL,0.004,5836,1100
FAUSTO,0.004,5836,1132
FELTON,0.004,5836,1099
FILIBERTO,0.004,5836,1143
FLORENTINO,0.004,5836,1077
FRANCESCO,0.004,5836,1138
FRANKLYN,0.004,5836,1197
GARRET,0.004,5836,1131
GASTON,0.004,5836,1142
GAYLE,0.004,5836,1130
GAYLORD,0.004,5836,1141
GRAIG,0.004,5836,1196
GRANVILLE,0.004,5836,1146
HAI,0.004,5836,1214
HARLAND,0.004,5836,1180
HAYDEN,0.004,5836,1179
HAYWOOD,0.004,5836,1074
HERB,0.004,5836,1109
HOBERT,0.004,5836,1187
HONG,0.004,5836,1126
HOSEA,0.004,5836,1163
HOYT,0.004,5836,1073
HYMAN,0.004,5836,1098
IKE,0.004,5836,1105
ISREAL,0.004,5836,1129
JACINTO,0.004,5836,1195
JAE,0.004,5836,1140
JAROD,0.004,5836,1108
JC,0.004,5836,1072
JERAMY,0.004,5836,1203
JERE,0.004,5836,1213
JEROMY,0.004,5836,1186
JERRELL,0.004,5836,1185
JEWEL,0.004,5836,1212
JEWELL,0.004,5836,1178
JOHNSON,0.004,5836,1128
JORDON,0.004,5836,1088
JOSPEH,0.004,5836,1159
JUDE,0.004,5836,1114
KASEY,0.004,5836,1177
KELLEY,0.004,5836,1082
KENETH,0.004,5836,1194
KING,0.004,5836,1055
KOREY,0.004,5836,1158
KRAIG,0.004,5836,1184
KRISTOFER,0.004,5836,1173
LACY,0.004,5836,1063
LAUREN,0.004,5836,1202
LEANDRO,0.004,5836,1183
LEIF,0.004,5836,1201
LEIGH,0.004,5836,1127
LEN,0.004,5836,1104
LESLEY,0.004,5836,1172
LINDSAY,0.004,5836,1211
LINO,0.004,5836,1107
LONG,0.004,5836,1157
LONNY,0.004,5836,1103
LUCIUS,0.004,5836,1171
LUIGI,0.004,5836,1193
LYNWOOD,0.004,5836,1210
MALCOM,0.004,5836,1156
MALIK,0.004,5836,1148
MAN,0.004,5836,1176
MANUAL,0.004,5836,1139
MARCELLUS,0.004,5836,1170
MICHAL,0.004,5836,1209
MICHALE,0.004,5836,1145
MILAN,0.004,5836,1106
MIQUEL,0.004,5836,1062
MODESTO,0.004,5836,1137
MOSE,0.004,5836,1125
NATHANAEL,0.004,5836,1121
NATHANIAL,0.004,5836,1087
NEVILLE,0.004,5836,1081
NICKY,0.004,5836,1151
OSWALDO,0.004,5836,1117
OTHA,0.004,5836,1061
PALMER,0.004,5836,1113
PARIS,0.004,5836,1060
PATRICIA,0.004,5836,1192
PORTER,0.004,5836,1200
RASHAD,0.004,5836,1054
RAYFORD,0.004,5836,1094
RAYMON,0.004,5836,1093
RENALDO,0.004,5836,1169
RENATO,0.004,5836,1071
REY,0.004,5836,1168
RHETT,0.004,5836,1112
ROLF,0.004,5836,1167
RUDOLF,0.004,5836,1166
RUEBEN,0.004,5836,1182
SAMUAL,0.004,5836,1059
SANTO,0.004,5836,1165
SHAD,0.004,5836,1164
SHAYNE,0.004,5836,1086
SHERWOOD,0.004,5836,1092
SHON,0.004,5836,1208
SID,0.004,5836,1199
STANTON,0.004,5836,1102
TITUS,0.004,5836,1097
TONEY,0.004,5836,1120
TUAN,0.004,5836,1150
VAL,0.004,5836,1091
VINCENZO,0.004,5836,1207
VIRGILIO,0.004,5836,1119
VON,0.004,5836,1162
WALLY,0.004,5836,1191
WALTON,0.004,5836,1111
WARNER,0.004,5836,1136
WAYLON,0.004,5836,1161
WES,0.004,5836,1147
WILBER,0.004,5836,1070
WILLIAN,0.004,5836,1206
WINFORD,0.004,5836,1190
ZACK,0.004,5836,1135
ZACKARY,0.004,5836,1149
